[{"title":"fff","content":"fff","email":"pereira@gmail.com","datePosted":1497616435},{"title":"fff","content":"fff","email":"pereira@gmail.com","datePosted":1497616445},{"title":"fff","content":"fff","email":"pereira@gmail.com","datePosted":1497616457},{"title":"fff","content":"fff","email":"pereira@gmail.com","datePosted":1497616506},{"title":"fff","content":"fff","email":"pereira@gmail.com","datePosted":1497616579},{"title":"fff","content":"fff","email":"pereira@gmail.com","datePosted":1497616652},{"title":"title post","content":"content post","email":"pereira@gmail.com","datePosted":1497616894}]